{
  "ged": 2.0,
  "normalized_ged": 0.15384615384615385,
  "similarity": 0.8461538461538461,
  "graph1_size": 11,
  "graph2_size": 13,
  "graph1_nodes": 6,
  "graph1_edges": 5,
  "graph2_nodes": 7,
  "graph2_edges": 6
}