{
  "token_numbers": [
    10,
    20,
    30,
    40,
    50,
    60,
    70,
    80,
    90,
    100,
    110,
    120,
    130,
    140,
    150,
    160,
    170,
    180,
    190,
    200
  ],
  "fitness_scores": [
    0.19197471965221302,
    0.09841512307598113,
    0.06586415318744955,
    0.04963005177277419,
    0.03966077930754474,
    0.033151144243171074,
    0.028408238204289216,
    0.02487127326721823,
    0.022159837714621326,
    0.019946626622364894,
    0.018090546861597955,
    0.016615298787046612,
    0.015317017895723664,
    0.014269013742961209,
    0.013304167616895147,
    0.012462391591680137,
    0.011749733578982523,
    0.011087877220412703,
    0.010512008108391683,
    0.009987258210462306
  ],
  "percentage_fit_traces": [
    0.0,
    0.0,
    0.0,
    0.0,
    0.0,
    0.0,
    0.0,
    0.0,
    0.0,
    0.0,
    0.0,
    0.0,
    0.0,
    0.0,
    0.0,
    0.0,
    0.0,
    0.0,
    0.0,
    0.0
  ],
  "average_trace_fitness": [
    0.19197471965221302,
    0.09841512307598113,
    0.06586415318744955,
    0.04963005177277419,
    0.03966077930754474,
    0.033151144243171074,
    0.028408238204289216,
    0.02487127326721823,
    0.022159837714621326,
    0.019946626622364894,
    0.018090546861597955,
    0.016615298787046612,
    0.015317017895723664,
    0.014269013742961209,
    0.013304167616895147,
    0.012462391591680137,
    0.011749733578982523,
    0.011087877220412703,
    0.010512008108391683,
    0.009987258210462306
  ],
  "details": [
    {
      "num_tokens": 10,
      "average_trace_fitness": 0.19197471965221302,
      "percentage_of_fitting_traces": 0.0,
      "num_traces": 1000,
      "full_result": {
        "percFitTraces": 0.0,
        "averageFitness": 0.19197471965221302,
        "percentage_of_fitting_traces": 0.0,
        "average_trace_fitness": 0.19197471965221302,
        "log_fitness": 0.18897467739322926
      }
    },
    {
      "num_tokens": 20,
      "average_trace_fitness": 0.09841512307598113,
      "percentage_of_fitting_traces": 0.0,
      "num_traces": 1000,
      "full_result": {
        "percFitTraces": 0.0,
        "averageFitness": 0.09841512307598113,
        "percentage_of_fitting_traces": 0.0,
        "average_trace_fitness": 0.09841512307598113,
        "log_fitness": 0.09750254203056008
      }
    },
    {
      "num_tokens": 30,
      "average_trace_fitness": 0.06586415318744955,
      "percentage_of_fitting_traces": 0.0,
      "num_traces": 1000,
      "full_result": {
        "percFitTraces": 0.0,
        "averageFitness": 0.06586415318744955,
        "percentage_of_fitting_traces": 0.0,
        "average_trace_fitness": 0.06586415318744955,
        "log_fitness": 0.06548114610714584
      }
    },
    {
      "num_tokens": 40,
      "average_trace_fitness": 0.04963005177277419,
      "percentage_of_fitting_traces": 0.0,
      "num_traces": 1000,
      "full_result": {
        "percFitTraces": 0.0,
        "averageFitness": 0.04963005177277419,
        "percentage_of_fitting_traces": 0.0,
        "average_trace_fitness": 0.04963005177277419,
        "log_fitness": 0.049395957999322615
      }
    },
    {
      "num_tokens": 50,
      "average_trace_fitness": 0.03966077930754474,
      "percentage_of_fitting_traces": 0.0,
      "num_traces": 1000,
      "full_result": {
        "percFitTraces": 0.0,
        "averageFitness": 0.03966077930754474,
        "percentage_of_fitting_traces": 0.0,
        "average_trace_fitness": 0.03966077930754474,
        "log_fitness": 0.039519889795964436
      }
    },
    {
      "num_tokens": 60,
      "average_trace_fitness": 0.033151144243171074,
      "percentage_of_fitting_traces": 0.0,
      "num_traces": 1000,
      "full_result": {
        "percFitTraces": 0.0,
        "averageFitness": 0.033151144243171074,
        "percentage_of_fitting_traces": 0.0,
        "average_trace_fitness": 0.033151144243171074,
        "log_fitness": 0.03305254410153746
      }
    },
    {
      "num_tokens": 70,
      "average_trace_fitness": 0.028408238204289216,
      "percentage_of_fitting_traces": 0.0,
      "num_traces": 1000,
      "full_result": {
        "percFitTraces": 0.0,
        "averageFitness": 0.028408238204289216,
        "percentage_of_fitting_traces": 0.0,
        "average_trace_fitness": 0.028408238204289216,
        "log_fitness": 0.028334230583968445
      }
    },
    {
      "num_tokens": 80,
      "average_trace_fitness": 0.02487127326721823,
      "percentage_of_fitting_traces": 0.0,
      "num_traces": 1000,
      "full_result": {
        "percFitTraces": 0.0,
        "averageFitness": 0.02487127326721823,
        "percentage_of_fitting_traces": 0.0,
        "average_trace_fitness": 0.02487127326721823,
        "log_fitness": 0.02481715077837221
      }
    },
    {
      "num_tokens": 90,
      "average_trace_fitness": 0.022159837714621326,
      "percentage_of_fitting_traces": 0.0,
      "num_traces": 1000,
      "full_result": {
        "percFitTraces": 0.0,
        "averageFitness": 0.022159837714621326,
        "percentage_of_fitting_traces": 0.0,
        "average_trace_fitness": 0.022159837714621326,
        "log_fitness": 0.022116973513344407
      }
    },
    {
      "num_tokens": 100,
      "average_trace_fitness": 0.019946626622364894,
      "percentage_of_fitting_traces": 0.0,
      "num_traces": 1000,
      "full_result": {
        "percFitTraces": 0.0,
        "averageFitness": 0.019946626622364894,
        "percentage_of_fitting_traces": 0.0,
        "average_trace_fitness": 0.019946626622364894,
        "log_fitness": 0.019910120029580702
      }
    },
    {
      "num_tokens": 110,
      "average_trace_fitness": 0.018090546861597955,
      "percentage_of_fitting_traces": 0.0,
      "num_traces": 1000,
      "full_result": {
        "percFitTraces": 0.0,
        "averageFitness": 0.018090546861597955,
        "percentage_of_fitting_traces": 0.0,
        "average_trace_fitness": 0.018090546861597955,
        "log_fitness": 0.01806265159725451
      }
    },
    {
      "num_tokens": 120,
      "average_trace_fitness": 0.016615298787046612,
      "percentage_of_fitting_traces": 0.0,
      "num_traces": 1000,
      "full_result": {
        "percFitTraces": 0.0,
        "averageFitness": 0.016615298787046612,
        "percentage_of_fitting_traces": 0.0,
        "average_trace_fitness": 0.016615298787046612,
        "log_fitness": 0.016589564689822534
      }
    },
    {
      "num_tokens": 130,
      "average_trace_fitness": 0.015317017895723664,
      "percentage_of_fitting_traces": 0.0,
      "num_traces": 1000,
      "full_result": {
        "percFitTraces": 0.0,
        "averageFitness": 0.015317017895723664,
        "percentage_of_fitting_traces": 0.0,
        "average_trace_fitness": 0.015317017895723664,
        "log_fitness": 0.01529569863103497
      }
    },
    {
      "num_tokens": 140,
      "average_trace_fitness": 0.014269013742961209,
      "percentage_of_fitting_traces": 0.0,
      "num_traces": 1000,
      "full_result": {
        "percFitTraces": 0.0,
        "averageFitness": 0.014269013742961209,
        "percentage_of_fitting_traces": 0.0,
        "average_trace_fitness": 0.014269013742961209,
        "log_fitness": 0.014249973026836726
      }
    },
    {
      "num_tokens": 150,
      "average_trace_fitness": 0.013304167616895147,
      "percentage_of_fitting_traces": 0.0,
      "num_traces": 1000,
      "full_result": {
        "percFitTraces": 0.0,
        "averageFitness": 0.013304167616895147,
        "percentage_of_fitting_traces": 0.0,
        "average_trace_fitness": 0.013304167616895147,
        "log_fitness": 0.013288557223374964
      }
    },
    {
      "num_tokens": 160,
      "average_trace_fitness": 0.012462391591680137,
      "percentage_of_fitting_traces": 0.0,
      "num_traces": 1000,
      "full_result": {
        "percFitTraces": 0.0,
        "averageFitness": 0.012462391591680137,
        "percentage_of_fitting_traces": 0.0,