{
  "ged": 16.0,
  "normalized_ged": 0.5333333333333333,
  "similarity": 0.4666666666666667,
  "graph1_size": 24,
  "graph2_size": 30,
  "graph1_nodes": 12,
  "graph1_edges": 12,
  "graph2_nodes": 15,
  "graph2_edges": 15
}