{
  "trace_numbers": [
    10,
    20,
    30,
    40,
    50,
    60,
    70,
    80,
    90,
    100,
    110,
    120,
    130,
    140,
    150,
    160,
    170,
    180,
    190,
    200
  ],
  "cross_fitness_scores": [
    0.6881136363636314,
    0.6836272727272683,
    0.6872954545454495,
    0.6758818181818138,
    0.6853045454545403,
    0.6806272727272684,
    0.6821818181818137,
    0.6861772727272679,
    0.6812409090909044,
    0.6839681818181775,
    0.6800136363636315,
    0.6807636363636317,
    0.6847318181818136,
    0.6836818181818137,
    0.6843909090909046,
    0.6839818181818136,
    0.685236363636359,
    0.6893681818181767,
    0.6853590909090861,
    0.6877999999999956
  ],
  "cross_fitness_log1_on_net2": [
    0.6622999999999979,
    0.6511999999999987,
    0.6586999999999977,
    0.6343999999999992,
    0.655699999999998,
    0.6433999999999989,
    0.6487999999999983,
    0.6544999999999981,
    0.6442999999999988,
    0.6490999999999986,
    0.6442999999999983,
    0.6475999999999982,
    0.6520999999999986,
    0.6463999999999989,
    0.650599999999999,
    0.6505999999999987,
    0.6535999999999983,
    0.658099999999998,
    0.6526999999999984,
    0.6529999999999989
  ],
  "cross_fitness_log2_on_net1": [
    0.713927272727265,
    0.7160545454545378,
    0.7158909090909014,
    0.7173636363636285,
    0.7149090909090828,
    0.717854545454538,
    0.7155636363636291,
    0.7178545454545378,
    0.7181818181818101,
    0.7188363636363564,
    0.7157272727272648,
    0.7139272727272652,
    0.7173636363636288,
    0.7209636363636286,
    0.7181818181818101,
    0.7173636363636283,
    0.7168727272727197,
    0.7206363636363555,
    0.7180181818181738,
    0.7225999999999924
  ],
  "self_fitness_bpmn1": [
    1.0,
    1.0,
    1.0,
    1.0,
    1.0,
    1.0,
    1.0,
    1.0,
    1.0,
    1.0,
    1.0,
    1.0,
    1.0,
    1.0,
    1.0,
    1.0,
    1.0,
    1.0,
    1.0,
    1.0
  ],
  "self_fitness_bpmn2": [
    1.0,
    1.0,
    1.0,
    1.0,
    1.0,
    1.0,
    1.0,
    1.0,
    1.0,
    1.0,
    1.0,
    1.0,
    1.0,
    1.0,
    1.0,
    1.0,
    1.0,
    1.0,
    1.0,
    1.0
  ],
  "details": [
    {
      "num_traces": 10,
      "cross_fitness_average": 0.6881136363636314,
      "cross_fitness_original_on_mitigated": 0.6622999999999979,
      "cross_fitness_mitigated_on_original": 0.713927272727265,
      "self_fitness_original": 1.0,
      "self_fitness_mitigated": 1.0
    },
    {
      "num_traces": 20,
      "cross_fitness_average": 0.6836272727272683,
      "cross_fitness_original_on_mitigated": 0.6511999999999987,
      "cross_fitness_mitigated_on_original": 0.7160545454545378,
      "self_fitness_original": 1.0,
      "self_fitness_mitigated": 1.0
    },
    {
      "num_traces": 30,
      "cross_fitness_average": 0.6872954545454495,
      "cross_fitness_original_on_mitigated": 0.6586999999999977,
      "cross_fitness_mitigated_on_original": 0.7158909090909014,
      "self_fitness_original": 1.0,
      "self_fitness_mitigated": 1.0
    },
    {
      "num_traces": 40,
      "cross_fitness_average": 0.6758818181818138,
      "cross_fitness_original_on_mitigated": 0.6343999999999992,
      "cross_fitness_mitigated_on_original": 0.7173636363636285,
      "self_fitness_original": 1.0,
      "self_fitness_mitigated": 1.0
    },
    {
      "num_traces": 50,
      "cross_fitness_average": 0.6853045454545403,
      "cross_fitness_original_on_mitigated": 0.655699999999998,
      "cross_fitness_mitigated_on_original": 0.7149090909090828,
      "self_fitness_original": 1.0,
      "self_fitness_mitigated": 1.0
    },
    {
      "num_traces": 60,
      "cross_fitness_average": 0.6806272727272684,
      "cross_fitness_original_on_mitigated": 0.6433999999999989,
      "cross_fitness_mitigated_on_original": 0.717854545454538,
      "self_fitness_original": 1.0,
      "self_fitness_mitigated": 1.0
    },
    {
      "num_traces": 70,
      "cross_fitness_average": 0.6821818181818137,
      "cross_fitness_original_on_mitigated": 0.6487999999999983,
      "cross_fitness_mitigated_on_original": 0.7155636363636291,
      "self_fitness_original": 1.0,
      "self_fitness_mitigated": 1.0
    },
    {
      "num_traces": 80,
      "cross_fitness_average": 0.6861772727272679,
      "cross_fitness_original_on_mitigated": 0.6544999999999981,
      "cross_fitness_mitigated_on_original": 0.7178545454545378,
      "self_fitness_original": 1.0,
      "self_fitness_mitigated": 1.0
    },
    {
      "num_traces": 90,
      "cross_fitness_average": 0.6812409090909044,
      "cross_fitness_original_on_mitigated": 0.6442999999999988,
      "cross_fitness_mitigated_on_original": 0.7181818181818101,
      "self_fitness_original": 1.0,
      "self_fitness_mitigated": 1.0
    },
    {
      "num_traces": 100,
      "cross_fitness_average": 0.6839681818181775,
      "cross_fitness_original_on_mitigated": 0.6490999999999986,
      "cross_fitness_mitigated_on_original": 0.7188363636363564,
      "self_fitness_original": 1.0,
      "self_fitness_mitigated": 1.0
    },
    {
      "num_traces": 110,
      "cross_fitness_average": 0.6800136363636315,
      "cross_fitness_original_on_mitigated": 0.6442999999999983,
      "cross_fitness_mitigated_on_original": 0.7157272727272648,
      "self_fitness_original": 1.0,
      "self_fitness_mitigated": 1.0
    },
    {
      "num_traces": 120,
      "cross_fitness_average": 0.6807636363636317,
      "cross_fitness_original_on_mitigated": 0.6475999999999982,
      "cross_fitness_mitigated_on_original": 0.7139272727272652,
      "self_fitness_original": 1.0,
      "self_fitness_mitigated": 1.0
    },
    {
      "num_traces": 130,
      "cross_fitness_average": 0.6847318181818136,
      "cross_fitness_original_on_mitigated": 0.6520999999999986,
      "cross_fitness_mitigated_on_original": 0.7173636363636288,
      "self_fitness_original": 1.0,
      "self_fitness_mitigated": 1.0
    },
    {
      "num_traces": 140,
      "cross_fitness_average": 0.6836818181818137,
      "cross_fitness_original_on_mitigated": 0.6463999999999989,
      "cross_fitness_mitigated_on_original": 0.7209636363636286,
      "self_fitness_original": 1.0,
      "self_fitness_mitigated": 1.0
    },
    {
      "num_traces": 150,
      "cross_fitness_average": 0.6843909090909046,
      "cross_fitness_original_on_mitigated": 0.650599999999999,
      "cross_fitness_mitigated_on_original": 0.7181818181818101,
      "self_fitness_original": 1.0,
      "self_fitness_mitigated": 1.0
    },
    {
      "num_traces": 160,
      "cross_fitness_average": 0.6839818181818136,
      "cross_fitness_original_on_mitigated": 0.6505999999999987,
      "cross_fitness_mitigated_on_original": 0.7173636363636283,
      "self_fitness_original": 1.0,
      "self_fitness_mitigated": 1.0
    },
    {
      "num_traces": 170,
      "cross_fitness_average": 0.685236363636359,
      "cross_fitness_original_on_mitigated": 0.6535999999999983,
      "cross_fitness_mitigated_on_original": 0.7168727272727197,
      "self_fitness_original": 1.0,
      "self_fitness_mitigated": 1.0
    },
    {
      "num_traces": 180,
      "cross_fitness_average": 0.6893681818181767,
      "cross_fitness_original_on_mitigated": 0.658099999999998,
      "cross_fitness_mitigated_on_original": 0.7206363636363555,
      "self_fitness_original": 1.0,
      "self_fitness_mitigated": 1.0
    },
    {
      "num_traces": 190,
      "cross_fitness_average": 0.6853590909090861,
      "cross_fitness_original_on_mitigated": 0.6526999999999984,
      "cross_fitness_mitigated_on_original": 0.7180181818181738,
      "self_fitness_original": 1.0,
      "self_fitness_mitigated": 1.0
    },
    {
      "num_traces": 200,
      "cross_fitness_average": 0.6877999999999956,
      "cross_fitness_original_on_mitigated": 0.6529999999999989,
      "cross_fitness_mitigated_on_original": 0.7225999999999924,
      "self_fitness_original": 1.0,
      "self_fitness_mitigated": 1.0
    }
  ]
}