{
  "ged": 8.0,
  "normalized_ged": 0.26666666666666666,
  "similarity": 0.7333333333333334,
  "graph1_size": 24,
  "graph2_size": 30,
  "graph1_nodes": 12,
  "graph1_edges": 12,
  "graph2_nodes": 15,
  "graph2_edges": 15
}