{
  "structural_similarity": 0.5238095238095238,
  "node_similarity": 0.7142857142857143,
  "flow_similarity": 0.3333333333333333,
  "nodes_bpmn1": 10,
  "nodes_bpmn2": 14,
  "nodes_common": 10,
  "flows_bpmn1": 6,
  "flows_bpmn2": 10,
  "flows_common": 4
}