{
  "traces_numbers": [
    10,
    20,
    30,
    40
  ],
  "num_tokens_fixed": 3,
  "fitness_scores": [
    0.9505349957060436,
    0.9518315544104975,
    0.9518495890074783,
    0.9520941295546512
  ],
  "percentage_fit_traces": [
    0.0,
    0.0,
    0.0,
    0.0
  ],
  "details": [
    {
      "num_traces": 10,
      "num_tokens": 3,
      "average_trace_fitness": 0.9505349957060436,
      "percentage_of_fitting_traces": 0.0,
      "traces_generated": 1000
    },
    {
      "num_traces": 20,
      "num_tokens": 3,
      "average_trace_fitness": 0.9518315544104975,
      "percentage_of_fitting_traces": 0.0,
      "traces_generated": 1000
    },
    {
      "num_traces": 30,
      "num_tokens": 3,
      "average_trace_fitness": 0.9518495890074783,
      "percentage_of_fitting_traces": 0.0,
      "traces_generated": 1000
    },
    {
      "num_traces": 40,
      "num_tokens": 3,
      "average_trace_fitness": 0.9520941295546512,
      "percentage_of_fitting_traces": 0.0,
      "traces_generated": 1000
    }
  ]
}