{
  "traces_numbers": [
    10,
    20,
    30,
    40
  ],
  "num_tokens_fixed": 1,
  "cross_fitness_scores": [
    0.7754761904761931,
    0.7734523809523837,
    0.7763095238095263,
    0.7741666666666694
  ],
  "cross_fitness_log1_on_net2": [
    0.5509523809523863,
    0.5469047619047672,
    0.5526190476190527,
    0.5483333333333389
  ],
  "cross_fitness_log2_on_net1": [
    1.0,
    1.0,
    1.0,
    1.0
  ],
  "self_fitness_bpmn1": [
    1.0,
    1.0,
    1.0,
    1.0
  ],
  "self_fitness_bpmn2": [
    1.0,
    1.0,
    1.0,
    1.0
  ],
  "details": [
    {
      "num_traces": 10,
      "num_tokens": 1,
      "cross_fitness_average": 0.7754761904761931,
      "cross_fitness_original_on_mitigated": 0.5509523809523863,
      "cross_fitness_mitigated_on_original": 1.0,
      "self_fitness_original": 1.0,
      "self_fitness_mitigated": 1.0
    },
    {
      "num_traces": 20,
      "num_tokens": 1,
      "cross_fitness_average": 0.7734523809523837,
      "cross_fitness_original_on_mitigated": 0.5469047619047672,
      "cross_fitness_mitigated_on_original": 1.0,
      "self_fitness_original": 1.0,
      "self_fitness_mitigated": 1.0
    },
    {
      "num_traces": 30,
      "num_tokens": 1,
      "cross_fitness_average": 0.7763095238095263,
      "cross_fitness_original_on_mitigated": 0.5526190476190527,
      "cross_fitness_mitigated_on_original": 1.0,
      "self_fitness_original": 1.0,
      "self_fitness_mitigated": 1.0
    },
    {
      "num_traces": 40,
      "num_tokens": 1,
      "cross_fitness_average": 0.7741666666666694,
      "cross_fitness_original_on_mitigated": 0.5483333333333389,
      "cross_fitness_mitigated_on_original": 1.0,
      "self_fitness_original": 1.0,
      "self_fitness_mitigated": 1.0
    }
  ]
}