{
  "token_numbers": [
    100,
    200
  ],
  "num_traces_fixed": 100,
  "cross_fitness_scores": [
    0.6201195086292336,
    0.6100267743812187
  ],
  "cross_fitness_log1_on_net2": [
    0.33945734386074267,
    0.3384083123414367
  ],
  "cross_fitness_log2_on_net1": [
    0.9007816733977245,
    0.8816452364210006
  ],
  "self_fitness_bpmn1": [
    0.900860018019198,
    0.900497152403017
  ],
  "self_fitness_bpmn2": [
    0.9338119147413865,
    0.9209421935103941
  ],
  "details": [
    {
      "num_tokens": 100,
      "num_traces": 100,
      "cross_fitness_average": 0.6201195086292336,
      "cross_fitness_original_on_mitigated": 0.33945734386074267,
      "cross_fitness_mitigated_on_original": 0.9007816733977245,
      "self_fitness_original": 0.900860018019198,
      "self_fitness_mitigated": 0.9338119147413865
    },
    {
      "num_tokens": 200,
      "num_traces": 100,
      "cross_fitness_average": 0.6100267743812187,
      "cross_fitness_original_on_mitigated": 0.3384083123414367,
      "cross_fitness_mitigated_on_original": 0.8816452364210006,
      "self_fitness_original": 0.900497152403017,
      "self_fitness_mitigated": 0.9209421935103941
    }
  ]
}